signal_type,mass_GeV,auc,validation_threshold,signal_efficiency,photon_background_efficiency,significance_improvement,signal_efficiency_photon_only,photon_efficiency_photon_only,significance_improvement_photon_only,signal_efficiency_mc_error,photon_efficiency_mc_error,significance_improvement_mc_error,signal_xs_pb,photon_xs_pb,dis_xs_pb,ml_signal_xs_pb,ml_photon_xs_pb,ml_total_background_xs_pb,coupling_reach_improvement
scalar,0.01,0.603411044639,-0.274281378435,0.920396983334,0.84290536064,0.997796790206,0.905402826761,0.790467953253,1.01835620095,0.00348266223512,0.00463623379227,0.00457312273517,0.0434403261403,0.58,0.031,0.0399823451346,0.488885109171,0.519885109171,-0.00110342854544
scalar,0.032,0.603375042115,-0.305300868113,0.937181746717,0.875304139247,0.998114699576,0.939825532712,0.870070309982,1.00755802156,0.00319419133867,0.00409686485739,0.00405202962196,0.0434677704857,0.58,0.031,0.0407372010697,0.507676400763,0.538676400763,-0.00094398519391
scalar,0.1,0.610056976212,-0.40151431942,0.966664683081,0.917825945231,1.00672656633,0.941437333158,0.878563870149,1.00439547332,0.00228296223689,0.00343385261417,0.0029698195293,0.0433262483837,0.58,0.031,0.0418819541629,0.532339048234,0.563339048234,0.00334641020967
scalar,0.316,0.605231234782,-0.410422943474,0.975879030441,0.955613643796,0.997111409952,0.888754611912,0.785991044698,1.00247388642,0.001980695291,0.00259948247732,0.00239693026845,0.0404698584198,0.58,0.031,0.0394936861968,0.554255913401,0.585255913401,-0.00144743155719
scalar,1,0.667322248471,-0.248353416771,0.865061644443,0.661473972232,1.04011605695,0.868980246034,0.649856389286,1.07795642999,0.00448686443366,0.00606570507303,0.00680816252063,0.0372381776547,0.53,0.052,0.032213319198,0.350581205283,0.402581205283,0.0194740328074
scalar,1.585,0.720276607766,-0.260156523702,0.876592423396,0.582507959871,1.11344442305,0.800732301062,0.479969473293,1.1557942772,0.00434220704919,0.00613078869728,0.00745439345086,0.0266494414841,0.53,0.052,0.0233606984927,0.308729218731,0.360729218731,0.052311244165
scalar,2.512,0.737649041606,-0.234912908774,0.86408209065,0.552043391391,1.11324282301,0.690925113001,0.330925882829,1.20106250744,0.00462959097816,0.00622823764298,0.00785199244053,0.0148840198141,0.41,0.052,0.0128610149582,0.22633779047,0.27833779047,0.0522254383354
scalar,3.981,0.72418444966,-0.25882849985,0.884782357018,0.599787618761,1.08990798568,0.685621083041,0.351009510798,1.15724342444,0.00450246404476,0.00623421260137,0.00707490085768,0.00551894457374,0.19,0.033,0.00488306478821,0.113959647565,0.146959647565,0.0421332839016
scalar,5,0.718921574427,-0.348733919656,0.936130828764,0.7073673993,1.07868980146,0.838621210586,0.550824183078,1.12995030304,0.00338174940497,0.00574524545739,0.0052182340858,0.00284361784232,0.11,0.0204,0.00266199832742,0.0778104139229,0.0982104139229,0.0371653442241
scalar,6.31,0.748671967026,-0.281947304525,0.938170932951,0.646414536133,1.11876804802,0.72461677607,0.372178241905,1.18777148372,0.0034276853118,0.00616738268944,0.00580220290678,0.0015416355885,0.081,0.0155,0.00144631769833,0.0523595774268,0.0678595774268,0.0545687074691
vector,0.01,0.51337162437,-0.202931319614,0.999803676096,0.999667430024,0.999961530754,0.999885691331,0.998770932866,1.00050072164,0.000176066630287,0.000232308194021,0.000207782207039,0.23110216,0.58,0.031,0.231056789122,0.579807109414,0.610807109414,-1.92351780401e-05
vector,0.032,0.496338902449,-0.571504755484,0.999826663509,0.99988421569,0.999881613423,1,0.999907372626,1.0000463169,0.000166354149785,0.000133427651144,0.000178009098932,0.23214747,0.58,0.031,0.232107230372,0.5799328451,0.6109328451,-5.9198544947e-05
vector,0.1,0.50486716304,-0.212970446296,0.999833271538,0.999642908193,1.00000277348,1,0.999671029732,1.00016452573,0.000159907612278,0.000236236236033,0.000195345276524,0.22900974,0.58,0.031,0.228971557558,0.579792886752,0.610792886752,1.38673880434e-06
vector,0.316,0.512912076051,-0.197326783838,0.999646301674,0.99980709436,0.999737841003,1,0.999661741196,1.00016917232,0.000235223920172,0.000175287741961,0.000249521730923,0.21972968,0.58,0.031,0.21965196198,0.579888114729,0.610888114729,-0.000131105276731
vector,10,0.823011195182,-0.119370220164,0.937415346581,0.441121760895,1.28655951631,0.774232805914,0.280737800664,1.46123855539,0.00318361229548,0.00635152427609,0.00779888888902,0.0010695169,0.081,0.0155,0.00100258155549,0.0357308626325,0.0512308626325,0.118372640307
vector,1,0.527538111589,-0.320107971988,0.991399145241,0.984255228419,0.998583850563,0.994372462791,0.983867865584,1.00249150414,0.00114236590409,0.00159569882382,0.00136594664125,0.15751186,0.53,0.052,0.156157123369,0.521655271062,0.573655271062,-0.000708827662032
vector,1.585,0.600723083607,-0.551402475542,0.99038508943,0.953734725264,1.01193163241,0.988234359377,0.949463227678,1.01419362161,0.00121082999832,0.00261145584174,0.00176311567711,0.11345278,0.53,0.052,0.112361941666,0.50547940439,0.55747940439,0.00591295509982
vector,2.512,0.6445484265,-0.457332298508,0.982947334854,0.904033319698,1.02768240173,0.976385420819,0.878476407897,1.04173255072,0.00162156798921,0.00368903731394,0.00250111183807,0.05888783,0.41,0.052,0.0578836355538,0.370653661076,0.422653661076,0.0135603051358
vector,3.981,0.664032562737,-0.345444895633,0.967995906674,0.82966435238,1.04694347706,0.971363685897,0.83095028088,1.06560032432,0.00229737683438,0.00478345385311,0.00352167725089,0.018916282,0.19,0.033,0.0183108835455,0.157636226952,0.190636226952,0.0226764084461
vector,5,0.669391238213,-0.338923068781,0.968359323761,0.804435477702,1.05970630436,0.966913980833,0.795830719434,1.08387073498,0.00227554044115,0.00500858856876,0.00365901775822,0.0091567837,0.11,0.0204,0.00886705687156,0.0884879025472,0.108887902547,0.0285795519265
vector,6.31,0.705378460208,-0.426043690615,0.978470438152,0.763033474699,1.0932149827,0.928696544188,0.67952274171,1.12660540771,0.00191481134851,0.00548546483031,0.00380092582157,0.0047491691,0.081,0.0155,0.00464692157014,0.0618057114506,0.0773057114506,0.0435831641242
