signal_type,mass_GeV,stage,raw_events,sum_weights,sum_weights_squared,effective_events,weighted_cross_section_pb,cumulative_efficiency,incremental_efficiency,sigma_total_error_pb
scalar,0.01,inclusive,18899,5574.43906102,2600.50972258,11949.3384605,67109.9064634,1,1,389.507198916
scalar,0.01,Qe2,264,4.14138174399,0.377880777722,45.3874442961,49.857526188,0.000742923493944,0.000742923493944,389.507198916
scalar,0.01,Qe2+pt,18,0.000496636081737,2.44620600986e-07,1.00828547019,0.00597893359797,8.90916693681e-08,0.000119920382239,389.507198916
scalar,0.01,Qe2+pt+eta,11,3.35985062894e-21,1.12885962488e-41,1,4.04487804013e-20,6.02724434184e-25,6.76521652876e-18,389.507198916
scalar,0.01,all_Table_I_cuts,2,2.86688353024e-99,8.21902117597e-198,1,3.45140171863e-98,5.14290944589e-103,8.53277078911e-79,389.507198916
scalar,0.032,inclusive,19812,5227.47049104,2236.00694652,12221.0925047,8313.91586905,1,1,46.9023837179
scalar,0.032,Qe2,922,43.142725624,22.6882409825,82.0378616264,68.6154023851,0.00825307874964,0.00825307874964,46.9023837179
scalar,0.032,Qe2+pt,30,0.0287953440555,0.000184356222051,4.49766126714,0.0457969238292,5.50846611278e-06,0.0006674437843,46.9023837179
scalar,0.032,Qe2+pt+eta,16,0.00592425665477,1.31731904622e-05,2.66426094819,0.00942210415129,1.13329317974e-06,0.205736616425,46.9023837179
scalar,0.032,all_Table_I_cuts,4,0.00509901253607,1.29430202899e-05,2.00879920302,0.00810961273005,9.75426364397e-07,0.860700815851,46.9023837179
scalar,0.1,inclusive,19932,4986.66457692,2069.54474026,12015.6008802,898.739874296,1,1,5.18044878599
scalar,0.1,Qe2,3111,332.902120013,89.3085430688,1240.90952221,59.998502983,0.0667584745029,0.0667584745029,5.18044878599
scalar,0.1,Qe2+pt,86,0.414859168669,0.00899807412408,19.1272184976,0.0747695120353,8.31937184203e-05,0.00124618962671,5.18044878599
scalar,0.1,Qe2+pt+eta,30,0.217931771556,0.00428681143691,11.0791570267,0.039277551147,4.37029136799e-05,0.525315065965,5.18044878599
scalar,0.1,all_Table_I_cuts,25,0.201628133259,0.00416946757355,9.75038260991,0.0363391682647,4.04334661274e-05,0.92518925451,5.18044878599
scalar,0.316,inclusive,19963,5076.84888685,2173.22329284,11859.9845238,81.1804617329,1,1,0.475561921831
scalar,0.316,Qe2,8462,1846.42226716,739.761753124,4608.61240025,29.5248914323,0.363694549182,0.363694549182,0.475561921831
scalar,0.316,Qe2+pt,141,4.1863262779,0.502328203128,34.8882017691,0.066940716137,0.000824591468292,0.00226726375236,0.475561921831
scalar,0.316,Qe2+pt+eta,58,2.21425193725,0.280471622592,17.4809543878,0.0354066072607,0.000436146906595,0.528924835347,0.475561921831
scalar,0.316,all_Table_I_cuts,44,2.04298951379,0.272134378232,15.3372983618,0.0326680655149,0.000402412905982,0.922654499888,0.475561921831
scalar,1,inclusive,19985,5398.3463669,2344.99936055,12427.3566924,5.95269001167,1,1,0.0328573578606
scalar,1,Qe2,8101,1879.04809494,728.156469639,4848.98767,2.07200317764,0.348078460928,0.348078460928,0.0328573578606
scalar,1,Qe2+pt,560,36.6642339271,5.85917521318,229.429228611,0.0404291989157,0.00679175277672,0.0195121317148,0.0328573578606
scalar,1,Qe2+pt+eta,559,36.6642106073,5.85917521264,229.428936782,0.0404291732012,0.00679174845691,0.999999363963,0.0328573578606
scalar,1,all_Table_I_cuts,467,34.9143898702,5.73243288463,212.652227168,0.0384996674386,0.00646760831878,0.952274419439,0.0328573578606
scalar,1.585,inclusive,19941,5495.70517171,2404.4720397,12561.0840283,1.93236656615,1,1,0.010515157521
scalar,1.585,Qe2,8367,2044.40198769,824.990194232,5066.21717021,0.718840244401,0.371999938828,0.371999938828,0.010515157521
scalar,1.585,Qe2+pt,718,80.8058685972,20.0395634243,325.834862841,0.0284124700921,0.0147034577133,0.0395254304602,0.010515157521
scalar,1.585,Qe2+pt+eta,703,80.8050132341,20.0395627059,325.827976368,0.0284121693345,0.0147033020712,0.999989414592,0.010515157521
scalar,1.585,all_Table_I_cuts,615,78.7693758591,19.9021123854,311.756584079,0.0276964108501,0.0143328969437,0.974808031166,0.010515157521
scalar,2.512,inclusive,19984,5507.73525551,2453.51726576,12363.9430088,0.572854188851,1,1,0.00318335577521
scalar,2.512,Qe2,8541,2104.16337346,896.757391121,4937.23669973,0.218851986632,0.382037856912,0.382037856912,0.00318335577521
scalar,2.512,Qe2+pt,978,134.473672667,38.1126613736,474.466174461,0.0139864759476,0.0244154205727,0.0639083801016,0.00318335577521
scalar,2.512,Qe2+pt+eta,973,134.466125543,38.1126102681,474.413554762,0.0139856909787,0.0244140502956,0.999943876571,0.00318335577521
scalar,2.512,all_Table_I_cuts,901,132.910742778,37.9245479066,465.8002935,0.0138239171295,0.024131650599,0.988432902643,0.00318335577521
scalar,3.981,inclusive,19998,6122.38094341,2887.00007235,12983.5633796,0.153994013536,1,1,0.000800479459728
scalar,3.981,Qe2,7561,2047.61950735,885.561855705,4734.55989536,0.0515030261993,0.334448236115,0.334448236115,0.000800479459728
scalar,3.981,Qe2+pt,1270,225.678117664,70.8929147678,718.416120415,0.00567639933343,0.036861168841,0.110214869928,0.000800479459728
scalar,3.981,Qe2+pt+eta,1166,217.382910087,69.2659730403,682.230069454,0.00546775300456,0.0355062698804,0.963243190512,0.000800479459728
scalar,3.981,all_Table_I_cuts,1093,215.306649368,69.0023913568,671.816618966,0.00541552957639,0.0351671435276,0.990448831884,0.000800479459728
scalar,5,inclusive,20000,6351.95791723,3035.89508461,13290.1066268,0.0752651419692,1,1,0.000378157278761
scalar,5,Qe2,6916,1872.29854476,796.407255529,4401.64478207,0.0221850990854,0.294759280391,0.294759280391,0.000378157278761
scalar,5,Qe2+pt,1330,245.340989514,80.7708679121,745.22167078,0.00290707599882,0.0386244670874,0.131037323188,0.000378157278761
scalar,5,Qe2+pt+eta,1189,233.22854067,78.2967774293,694.735517462,0.00276355408104,0.0367175827845,0.950630145951,0.000378157278761
scalar,5,all_Table_I_cuts,1123,232.267851883,78.2409097617,689.515947385,0.00275217075974,0.0365663398451,0.995880912415,0.000378157278761
scalar,6.31,inclusive,20000,6180.26159062,2987.60845652,12784.6851033,0.0347630490609,1,1,0.000184665382789
scalar,6.31,Qe2,7586,1940.23355747,873.186609638,4311.2276528,0.0109135241865,0.313940361426,0.313940361426,0.000184665382789
scalar,6.31,Qe2+pt,1576,285.163271521,106.643307741,762.524092202,0.00160400084251,0.0461409711126,0.146973682845,0.000184665382789
scalar,6.31,Qe2+pt+eta,1576,285.163271521,106.643307741,762.524092202,0.00160400084251,0.0461409711126,1,0.000184665382789
scalar,6.31,all_Table_I_cuts,1485,284.153028389,106.563606633,757.697173487,0.00159831837567,0.0459775082693,0.996457316799,0.000184665382789
vector,0.01,inclusive,18885,4987.7757827,2156.83505466,11534.4505388,179076.826434,1,1,1084.80957964
vector,0.01,Qe2,633,3.18306494651,0.129840358901,78.0335370251,114.282035478,0.000638173222932,0.000638173222932,1084.80957964
vector,0.01,Qe2+pt,245,0.0131216562913,3.60596804105e-05,4.77480282319,0.471108700267,2.63076306213e-06,0.00412233382348,1084.80957964
vector,0.01,Qe2+pt+eta,26,0.00941164670162,3.40358029095e-05,2.60252692941,0.337907695991,1.88694261965e-06,0.717260572345,1084.80957964
vector,0.01,all_Table_I_cuts,11,0.00170654381792,9.2811108165e-07,3.13786987362,0.0612702864761,3.42145255174e-07,0.181322554068,1084.80957964
vector,0.032,inclusive,19892,4764.50429454,2178.34998168,10420.9614449,20720.5637968,1,1,140.473251948
vector,0.032,Qe2,1020,34.949620765,42.8174478381,28.5275291568,151.993954034,0.0073354159435,0.0073354159435,140.473251948
vector,0.032,Qe2+pt,173,0.0707646015924,0.00106542440371,4.70012590392,0.307751310778,1.48524583499e-05,0.00202476021323,140.473251948
vector,0.032,Qe2+pt+eta,14,0.0564061280898,0.00102973971265,3.08976263323,0.245307109274,1.18388240629e-05,0.797095254131,140.473251948
vector,0.032,all_Table_I_cuts,4,0.0120283360733,4.82088550818e-05,3.0011264206,0.0523105636115,2.52457240664e-06,0.213245200134,140.473251948
vector,0.1,inclusive,19999,4429.03091824,1828.60096573,10727.4989144,2138.92987665,1,1,14.0614710066
vector,0.1,Qe2,3257,268.583780686,84.0229388431,858.54230096,129.708255259,0.0606416585579,0.0606416585579,14.0614710066
vector,0.1,Qe2+pt,219,0.921136130545,0.0543908125248,15.5999098305,0.444848009973,0.000207976902295,0.00342960445411,14.0614710066
vector,0.1,Qe2+pt+eta,128,0.622545981202,0.00764579395881,50.6897649609,0.300648657317,0.000140560315043,0.675845795816,14.0614710066
vector,0.1,all_Table_I_cuts,58,0.399701492697,0.00610861823084,26.1534241013,0.193029464064,9.024581225e-05,0.642043326543,14.0614710066
vector,0.316,inclusive,20000,4535.43782457,1898.07015835,10837.4267253,190.935214565,1,1,1.24141411512
vector,0.316,Qe2,8509,1604.59069324,621.500936247,4142.73115724,67.5508914803,0.353789591062,0.353789591062,1.24141411512
vector,0.316,Qe2+pt,417,11.4056457975,1.99700377525,65.1419680176,0.480160794136,0.00251478385079,0.007108134084,1.24141411512
vector,0.316,Qe2+pt+eta,139,8.85516376595,1.76376194774,44.4583382821,0.372789278358,0.00195243857561,0.776384250674,1.24141411512
vector,0.316,all_Table_I_cuts,66,6.74417465749,1.57246518251,28.9252139358,0.28391976367,0.00148699528433,0.761609252606,1.24141411512
vector,10,inclusive,20000,5434.50802976,2476.44134548,11925.9345994,0.0117966789475,1,1,6.86348489073e-05
vector,10,Qe2,10171,2547.36123771,1127.74047164,5754.0271353,0.00552955346096,0.468738149573,0.468738149573,6.86348489073e-05
vector,10,Qe2+pt,2422,502.624333762,200.191601133,1261.94715193,0.00109104593537,0.0924875501168,0.197311761803,6.86348489073e-05
vector,10,Qe2+pt+eta,2412,500.866718497,199.666219991,1256.4342116,0.00108723068238,0.0921641325682,0.996503123413,6.86348489073e-05
vector,10,all_Table_I_cuts,2185,492.794120338,198.202863619,1225.23984066,0.00106970750489,0.090678699459,0.983882741932,6.86348489073e-05
vector,1,inclusive,20000,4684.70336873,1957.59363441,11210.9302294,13.5077216508,1,1,0.0845702736757
vector,1,Qe2,8076,1633.02260317,629.914743115,4233.52977783,4.70860437404,0.348586126941,0.348586126941,0.0845702736757
vector,1,Qe2+pt,728,70.7366820953,16.7716404565,298.341608672,0.203959853386,0.015099500764,0.0433164133539,0.0845702736757
vector,1,Qe2+pt+eta,723,70.7366231572,16.7716404531,298.341111574,0.203959683446,0.0150994881831,0.999999166796,0.0845702736757
vector,1,all_Table_I_cuts,510,55.1028183888,13.9539547043,217.595703779,0.158881678174,0.011762285475,0.778985706829,0.0845702736757
vector,1.585,inclusive,20000,4801.5179114,2079.41758895,11087.0343581,4.34171726851,1,1,0.0275264344816
vector,1.585,Qe2,8348,1761.63389709,720.510362589,4307.16079671,1.59293716131,0.366891039374,0.366891039374,0.0275264344816
vector,1.585,Qe2+pt,907,161.826895246,61.0702990394,428.816371247,0.146330106138,0.0337032784699,0.0918618195947,0.0275264344816
vector,1.585,Qe2+pt+eta,905,161.813760395,61.0701483243,428.747821506,0.1463182291,0.0337005429076,0.999918833941,0.0275264344816
vector,1.585,all_Table_I_cuts,720,132.97616667,51.278285031,344.837213092,0.12024216712,0.027694610147,0.821785281706,0.0275264344816
vector,2.512,inclusive,20000,4873.53508123,2115.80210271,11225.6926853,1.29084725891,1,1,0.00806974302701
vector,2.512,Qe2,9056,1838.27140813,759.510326865,4449.23742369,0.486900692984,0.377194660035,0.377194660035,0.00806974302701
vector,2.512,Qe2+pt,1447,251.783775609,98.182906134,645.6833695,0.0666896597987,0.0516634786479,0.136967683061,0.00806974302701
vector,2.512,Qe2+pt+eta,1430,251.394534947,98.1355500251,643.99916427,0.0665865621021,0.0515836104095,0.998454067738,0.00806974302701
vector,2.512,all_Table_I_cuts,1196,223.434574487,90.3893714902,552.310611889,0.0591808416715,0.0458465099281,0.888780555765,0.00806974302701
vector,3.981,inclusive,20000,5216.80177616,2302.9056736,11817.688012,0.342432570643,1,1,0.00201479945889
vector,3.981,Qe2,7414,1699.64484175,687.446786828,4202.20538293,0.111565241946,0.325802074657,0.325802074657,0.00201479945889
vector,3.981,Qe2+pt,1477,320.738510368,122.452791382,840.104916123,0.0210533804661,0.0614818281642,0.188709136456,0.00201479945889
vector,3.981,Qe2+pt+eta,1363,314.096816241,121.517264182,811.87484459,0.0206174174966,0.0602086929345,0.979292495559,0.00201479945889
vector,3.981,all_Table_I_cuts,1203,295.798692269,116.286720224,752.423545691,0.0194163226691,0.0567011561797,0.94174368212,0.00201479945889
vector,5,inclusive,20000,5382.5384375,2421.94582831,11962.1668216,0.166609132307,1,1,0.00096571365349
vector,5,Qe2,7156,1550.70224175,604.965236353,3974.90185892,0.047999871801,0.288098684246,0.288098684246,0.00096571365349
vector,5,Qe2+pt,1640,306.394843297,112.987421472,830.869478888,0.00948403426706,0.0569238560681,0.197584574942,0.00096571365349
vector,5,Qe2+pt+eta,1433,297.882571761,111.992804394,792.318997983,0.00922054851752,0.055342395641,0.972217967363,0.00096571365349
vector,5,all_Table_I_cuts,1274,284.519451949,109.173071435,741.495292505,0.0088069113791,0.0528597157741,0.955139638642,0.00096571365349
vector,6.31,inclusive,20000,5295.26444172,2401.5252042,11675.8406111,0.0748409406559,1,1,0.000446838262468
vector,6.31,Qe2,7676,1619.59142851,665.023415554,3944.33689694,0.0228905935335,0.305856571723,0.305856571723,0.000446838262468
vector,6.31,Qe2+pt,1779,339.611256866,132.277053398,871.926028189,0.00479991626498,0.0641349002687,0.209689462965,0.000446838262468
vector,6.31,Qe2+pt+eta,1779,339.611256866,132.277053398,871.926028189,0.00479991626498,0.0641349002687,1,0.000446838262468
vector,6.31,all_Table_I_cuts,1589,326.865944437,129.216993581,826.836646418,0.00461977961994,0.0617279737461,0.962470877596,0.000446838262468
